UNMAPPED TABLE: Cols=1 Header=''
UNMAPPED TABLE: Cols=7 Header='classification delayed or interrupted meal break - monday to friday delayed or interrupted meal break - saturday or sunday delayed or interrupted meal break - public holiday working on an accrued day off working on an accrued day off (public holiday) working on an unrostered day working on an unrostered day (public holiday)'
UNMAPPED TABLE: Cols=8 Header='classification weekly pay rate hourly pay rate saturday sunday public holiday overtime - first 2 hours overtime - after 2 hours'
UNMAPPED TABLE: Cols=8 Header='classification overtime - monday to friday - first 2 hours overtime - monday to friday - after 2 hours overtime - saturday - first 2 hours overtime - saturday - after 2 hours overtime - sunday overtime - public holidays overtime - work on rdo'
UNMAPPED TABLE: Cols=9 Header='classification overtime - staff meeting on rdo overtime - working more than 10 days in 2 weeks break between shifts overtime - excess on- air hours midnight to dawn shift - monday to saturday night shift - monday to friday night shift - public holiday night work - monday to saturday'
UNMAPPED TABLE: Cols=9 Header='classification permanent night shift - monday to friday permanent night shift - public holiday delayed meal break - monday to friday delayed meal break - saturday or sunday delayed meal break - public holiday working on call during a meal break - monday to friday working on call during a meal break - saturday or sunday working on call during a meal break - public holidays'
UNMAPPED TABLE: Cols=8 Header='classification weekly pay rate hourly pay rate overtime - first 2 hours overtime - after 2 hours overtime - rdo overtime (distant engagement) - first 8 hours overtime (distant engagement) - after 8 hours'
UNMAPPED TABLE: Cols=7 Header='classification morning shift - metro tv station morning shift - non-metro tv station morning shift - not working for a tv station evening shift - metro tv station evening shift - non-metro tv station evening shift - not working for a tv station'
UNMAPPED TABLE: Cols=7 Header='classification night shift - metro tv station night shift - non- metro tv station night shift - not working for a tv station break between shifts - less than 8 hours - not after a distant engagement break between shifts - between 8 and 12 hours - not after a distant engagement break between shifts - less than 12 hours after a distant engagement'
UNMAPPED TABLE: Cols=7 Header='classification weekly pay rate hourly pay rate overtime - first 2 hours overtime - after 2 hours overtime - rdo overtime (distant engagement) - first 8 hours overtime (distant engagement) - after 8 hours'
UNMAPPED TABLE: Cols=8 Header='classification weekly pay rate hourly pay rate monday - 12.01am to 7am - worked on weekend before monday - 12.01am to 6am - didn't work on weekend before monday - 6am to 7am - didn't work on weekend before monday to thursday - 8pm to midnight tuesday to friday - 12.01am to 7am'
UNMAPPED TABLE: Cols=7 Header='classification friday and saturday - 8pm to midnight saturday - 12.01am to 7am saturday - 7am to 8pm - not 6 day week overtime - monday to friday - 7am to 8pm - first 2 hours overtime - monday to friday - 7am to 8pm - after 2 hours overtime - monday to friday - 7am to 8pm - more than 12 hours in a day'
UNMAPPED TABLE: Cols=1 Header='classification overtime - monday - 12.01am to 6am - didn't work on weekend'
UNMAPPED TABLE: Cols=1 Header='classification overtime - tuesday to friday - 12.01am to 7am - first 2 hours overtime - tuesday to friday - 12.01am to 7am - after 2 hours overtime - tuesday to friday - 12.01am to 7am -'
UNMAPPED TABLE: Cols=1 Header='classification overtime - saturday - 12.01am to 7am - first 2 hours overtime - saturday - 12.01am to 7am - after 2 hours overtime - saturday - 12.01am to 7am -'
UNMAPPED TABLE: Cols=1 Header='classification overtime - saturday - 7am to 8pm - not 6 day'
UNMAPPED TABLE: Cols=7 Header='classification public holiday - monday - 12.01am to 6am - didn't work on weekend before public holiday - monday - 6am to 7am - didn't work on weekend before public holiday - monday to thursday - 8pm to midnight public holiday - tuesday to friday - 12.01am to 7am public holiday - friday and saturday - 8pm to midnight public holiday - saturday - 12.01am to 7am'
UNMAPPED TABLE: Cols=7 Header='classification public holiday - saturday - 7am to 8pm - not 6 day week public holiday - saturday - 7am to 8pm - 6 day week public holiday - sunday working through a meal break - monday to friday - 7am to 8pm working through a meal break - monday to thursday - 8pm to midnight working through a meal break - monday - 12.01am to 7am - worked on weekend before'
UNMAPPED TABLE: Cols=7 Header='classification working through a meal break - monday - 12.01am to 6am - didn't work on weekend before working through a meal break - monday - 6am to 7am - didn't work on weekend before working through a meal break - tuesday to friday - 12.01am to 7am working through a meal break - friday - 8pm to midnight working through a meal break - saturday - 7am to 8pm - 6 day week working through a meal break - saturday - 7am to 8pm - not 6 day week'
UNMAPPED TABLE: Cols=7 Header='classification working through a meal break - saturday - 8pm to midnight working through a meal break - saturday - 12.01am to 7am working through a meal break - sunday working through a meal break - public holiday - monday to friday - 7am to 8pm working through a meal break - public holiday - monday to thursday - 8pm to midnight working through a meal break - public holiday - monday - 12.01am to 7am - worked on weekend before'
UNMAPPED TABLE: Cols=7 Header='classification working through a meal break - public holiday - monday - 12.01am to 6am - didn't work on weekend before working through a meal break - public holiday - monday - 6am to 7am - didn't work on weekend before working through a meal break - public holiday - tuesday to friday - 12.01am to 7am working through a meal break - public holiday - friday - 8pm to midnight working through a meal break - public holiday - saturday - 7am to 8pm - not 6 day week working through a meal break - public holiday - saturday - 7am to 8pm - 6 day week'
UNMAPPED TABLE: Cols=8 Header='classification working through a meal break - public holiday - saturday - 8pm to midnight working through a meal break - public holiday - saturday - 12.01am to 7am working through a meal break - public holiday - sunday break between shifts - monday to friday - 7am to 8pm break between shifts - monday to thursday - 8pm to midnight break between shifts - monday - 12.01am to 7am - worked on weekend before break between shifts - monday - 12.01am to 6am - didn't work on weekend before'
UNMAPPED TABLE: Cols=1 Header=''
UNMAPPED TABLE: Cols=1 Header='classification recording'
UNMAPPED TABLE: Cols=1 Header='classification overtime - feature films, tv programs and other content (not including other tv) - monday to saturday - after 3 hours overtime - feature films, tv programs and other content (not including other tv) -'
UNMAPPED TABLE: Cols=1 Header='classification postponed call (weather conditions) - advertising - even numbered postponed calls postponed call (weather conditions) - advertising - odd numbered postponed calls (not including the first) postponed call - not advertising -'
UNMAPPED TABLE: Cols=8 Header='classification postponed call (weather conditions) - not advertising - attended workplace postponed call (weather conditions) - not advertising - attended workplace - no notice or 20kms from gpo postponed call (weather conditions) - not advertising - not required to attend workplace revoicing rate working through a meal break - monday to friday working through a meal break - saturday working through a meal break - sunday working through a meal break - public holidays stand-in/double - not in a serial drama or serial comedy'
UNMAPPED TABLE: Cols=1 Header='classification hourly pay rate saturday sunday public holiday overtime - monday to'
UNMAPPED TABLE: Cols=1 Header='classification hourly pay rate saturday sunday public holiday overtime - first 2 hours overtime - after 2 hours overtime - monday to'
UNMAPPED TABLE: Cols=8 Header='classification overtime - monday to friday - after 2 hours overtime - saturday - first 2 hours overtime - saturday - after 2 hours overtime - sunday overtime - public holidays overtime - staff meeting on rdo overtime - working more than 10 days in 2 weeks'
UNMAPPED TABLE: Cols=8 Header='classification break between shifts overtime - excess on-air hours midnight to dawn shift - monday to saturday night shift - monday to friday night shift - public holiday night work - monday to saturday permanent night shift - monday to friday'
UNMAPPED TABLE: Cols=8 Header='classification permanent night shift - public holiday delayed meal break - monday to friday delayed meal break - saturday or sunday delayed meal break - public holiday working on call during a meal break - monday to friday working on call during a meal break - saturday or sunday working on call during a meal break - public holidays'
UNMAPPED TABLE: Cols=1 Header=''
UNMAPPED TABLE: Cols=7 Header='classification morning shift - metro tv station morning shift - non-metro tv station morning shift - not working for a tv station evening shift - metro tv station evening shift - non-metro tv station evening shift - not working for a tv station'
UNMAPPED TABLE: Cols=7 Header='classification hourly pay rate monday - 12.01am to 7am - worked on weekend before monday - 12.01am to 6am - didn't work on weekend before monday - 6am to 7am - didn't work on weekend before monday to thursday - 8pm to midnight tuesday to friday - 12.01am to 7am'
UNMAPPED TABLE: Cols=1 Header='classification overtime - monday to thursday - 8pm to'
UNMAPPED TABLE: Cols=1 Header='classification overtime - monday - 12.01am to 6am - didn't work on weekend'
UNMAPPED TABLE: Cols=1 Header='classification overtime - tuesday to friday - 12.01am to 7am - first 2 hours overtime - tuesday to friday - 12.01am to 7am - after 2 hours overtime - tuesday to friday - 12.01am to 7am -'
UNMAPPED TABLE: Cols=1 Header='classification overtime - saturday - 12.01am to 7am - first 2 hours overtime - saturday - 12.01am to 7am - after 2 hours overtime - saturday - 12.01am to 7am -'
UNMAPPED TABLE: Cols=1 Header='classification overtime - saturday - 7am to 8pm - not 6 day'
UNMAPPED TABLE: Cols=7 Header='classification public holiday - monday - 12.01am to 6am - didn't work on weekend before public holiday - monday - 6am to 7am - didn't work on weekend before public holiday - monday to thursday - 8pm to midnight public holiday - tuesday to friday - 12.01am to 7am public holiday - friday and saturday - 8pm to midnight public holiday - saturday - 12.01am to 7am'
UNMAPPED TABLE: Cols=7 Header='classification public holiday - saturday - 7am to 8pm - not 6 day week public holiday - saturday - 7am to 8pm - 6 day week public holiday - sunday working through a meal break - monday to friday - 7am to 8pm working through a meal break - monday to thursday - 8pm to midnight working through a meal break - monday - 12.01am to 7am - worked on weekend before'
UNMAPPED TABLE: Cols=7 Header='classification working through a meal break - monday - 12.01am to 6am - didn't work on weekend before working through a meal break - monday - 6am to 7am - didn't work on weekend before working through a meal break - tuesday to friday - 12.01am to 7am working through a meal break - friday - 8pm to midnight working through a meal break - saturday - 7am to 8pm - 6 day week working through a meal break - saturday - 7am to 8pm - not 6 day week'
UNMAPPED TABLE: Cols=7 Header='classification working through a meal break - saturday - 8pm to midnight working through a meal break - saturday - 12.01am to 7am working through a meal break - sunday working through a meal break - public holiday - monday to friday - 7am to 8pm working through a meal break - public holiday - monday to thursday - 8pm to midnight working through a meal break - public holiday - monday - 12.01am to 7am - worked on weekend before'
UNMAPPED TABLE: Cols=7 Header='classification working through a meal break - public holiday - monday - 12.01am to 6am - didn't work on weekend before working through a meal break - public holiday - monday - 6am to 7am - didn't work on weekend before working through a meal break - public holiday - tuesday to friday - 12.01am to 7am working through a meal break - public holiday - friday - 8pm to midnight working through a meal break - public holiday - saturday - 7am to 8pm - not 6 day week working through a meal break - public holiday - saturday - 7am to 8pm - 6 day week'
UNMAPPED TABLE: Cols=7 Header='classification working through a meal break - public holiday - saturday - 8pm to midnight working through a meal break - public holiday - saturday - 12.01am to 7am working through a meal break - public holiday - sunday break between shifts - monday to friday - 7am to 8pm break between shifts - monday to thursday - 8pm to midnight break between shifts - monday - 12.01am to 7am - worked on weekend before'
UNMAPPED TABLE: Cols=9 Header='classification break between shifts - monday - 12.01am to 6am - didn't work on weekend before break between shifts - monday - 6am to 7am - didn't work on weekend before break between shifts - tuesday to friday - 12.01am to 7am break between shifts - friday to saturday - 8pm to midnight break between shifts - saturday - 7am to 8pm - not 6 day week break between shifts - saturday - 7am to 8pm - 6 day week break between shifts - saturday - 12.01am to 7am break between shifts - sunday'
UNMAPPED TABLE: Cols=6 Header='classification hourly pay rate sunday public holiday overtime - first 2 hours (not television) overtime - after 2 hours (not television) overtime - television - first 4 hours ensemble singer - television broadcasting - performance'
UNMAPPED TABLE: Cols=1 Header='classification overtime - television -'
UNMAPPED TABLE: Cols=6 Header='classification overtime - feature films, tv programs and other content (not including other tv) - monday to saturday - after 3 hours overtime - feature films, tv programs and other content (not including other tv) - saturday - first 3 hours after ordinary hours overtime - feature films, tv programs and other content (not including other tv) - saturday - after 3 hours after ordinary hours overtime - tv other than tv programs - monday to saturday - first 2 hours overtime - tv other than tv programs - monday to saturday - after 2 hours working on single day off bit player - content other than feature films and advertising films'
UNMAPPED TABLE: Cols=1 Header='classification postponed call (weather conditions) - advertising - even numbered postponed calls postponed call (weather conditions) - advertising - odd numbered postponed calls (not including the first) postponed call - not advertising -'
UNMAPPED TABLE: Cols=7 Header='classification postponed call (weather conditions) - not advertising - attended workplace postponed call (weather conditions) - not advertising - attended workplace - no notice or 20kms from gpo postponed call (weather conditions) - not advertising - not required to attend workplace working through a meal break - monday to friday working through a meal break - saturday working through a meal break - sunday working through a meal break - public holidays bit player - content other than feature films and advertising films'
UNMAPPED TABLE: Cols=6 Header='classification overtime - feature films, tv programs and other content (not including other tv) - monday to saturday - after 3 hours overtime - feature films, tv programs and other content (not including other tv) - saturday - first 3 hours after ordinary hours overtime - feature films, tv programs and other content (not including other tv) - saturday - after 3 hours after ordinary hours overtime - tv other than tv programs - monday to saturday - first 2 hours overtime - tv other than tv programs - monday to saturday - after 2 hours working on single day off'
UNMAPPED TABLE: Cols=1 Header='classification postponed call (weather conditions) - advertising - even numbered postponed calls postponed call (weather conditions) - advertising - odd numbered postponed calls (not including the first) postponed call - not advertising -'
UNMAPPED TABLE: Cols=7 Header='classification postponed call (weather conditions) - not advertising - attended workplace postponed call (weather conditions) - not advertising - attended workplace - no notice or 20kms from gpo postponed call (weather conditions) - not advertising - not required to attend workplace working through a meal break - monday to friday working through a meal break - saturday working through a meal break - sunday working through a meal break - public holidays'
UNMAPPED TABLE: Cols=1 Header='classification overtime -'
UNMAPPED TABLE: Cols=7 Header='classification shifts at least 7 hours long - monday to friday - starting after 12 noon and before 6pm (captioning, subtitling and audio describing) early morning or night shift - monday to friday early morning or night shift - saturday early morning or night shift - sunday late night - monday to friday late night - saturday late night - sunday'
UNMAPPED TABLE: Cols=7 Header='classification delayed or interrupted meal break - monday to friday delayed or interrupted meal break - saturday or sunday delayed or interrupted meal break - public holiday working on an accrued day off working on an accrued day off (public holiday) working on an unrostered day working on an unrostered day (public holiday)'
UNMAPPED TABLE: Cols=1 Header='classification hourly pay rate saturday sunday public holiday overtime - first 2 hours overtime -'
UNMAPPED TABLE: Cols=7 Header='classification overtime - saturday - first 2 hours overtime - saturday - after 2 hours overtime - sunday overtime - public holidays overtime - work on rdo overtime - staff meeting on rdo overtime - working more than 10 days in 2 weeks announcers and broadcaster/journalists'
UNMAPPED TABLE: Cols=7 Header='classification break between shifts overtime - excess on-air hours midnight to dawn shift - monday to saturday night shift - monday to friday night shift - public holiday night work - monday to saturday permanent night shift - monday to friday announcers and broadcaster/journalists'
UNMAPPED TABLE: Cols=7 Header='classification permanent night shift - public holiday delayed meal break - monday to friday delayed meal break - saturday or sunday delayed meal break - public holiday working on call during a meal break - monday to friday working on call during a meal break - saturday or sunday working on call during a meal break - public holidays announcers and broadcaster/journalists'
UNMAPPED TABLE: Cols=1 Header='classification hourly pay rate saturday sunday public holiday overtime - first 2 hours overtime -'
UNMAPPED TABLE: Cols=7 Header='classification overtime - saturday - first 2 hours overtime - saturday - after 2 hours overtime - sunday overtime - public holidays overtime - work on rdo overtime - staff meeting on rdo overtime - working more than 10 days in 2 weeks announcers and broadcaster/journalists'
UNMAPPED TABLE: Cols=7 Header='classification break between shifts overtime - excess on-air hours midnight to dawn shift - monday to saturday night shift - monday to friday night shift - public holiday night work - monday to saturday permanent night shift - monday to friday announcers and broadcaster/journalists'
UNMAPPED TABLE: Cols=7 Header='classification permanent night shift - public holiday delayed meal break - monday to friday delayed meal break - saturday or sunday delayed meal break - public holiday working on call during a meal break - monday to friday working on call during a meal break - saturday or sunday working on call during a meal break - public holidays announcers and broadcaster/journalists'
UNMAPPED TABLE: Cols=1 Header='classification hourly pay rate saturday sunday public holiday overtime - first 2 hours overtime -'
UNMAPPED TABLE: Cols=7 Header='classification overtime - saturday - first 2 hours overtime - saturday - after 2 hours overtime - sunday overtime - public holidays overtime - work on rdo overtime - staff meeting on rdo overtime - working more than 10 days in 2 weeks announcers and broadcaster/journalists'
UNMAPPED TABLE: Cols=7 Header='classification break between shifts overtime - excess on-air hours midnight to dawn shift - monday to saturday night shift - monday to friday night shift - public holiday night work - monday to saturday permanent night shift - monday to friday announcers and broadcaster/journalists'
UNMAPPED TABLE: Cols=7 Header='classification permanent night shift - public holiday delayed meal break - monday to friday delayed meal break - saturday or sunday delayed meal break - public holiday working on call during a meal break - monday to friday working on call during a meal break - saturday or sunday working on call during a meal break - public holidays announcers and broadcaster/journalists'
UNMAPPED TABLE: Cols=1 Header='classification hourly pay rate saturday sunday public holiday overtime - first 2 hours overtime -'
UNMAPPED TABLE: Cols=7 Header='classification overtime - saturday - first 2 hours overtime - saturday - after 2 hours overtime - sunday overtime - public holidays overtime - work on rdo overtime - staff meeting on rdo overtime - working more than 10 days in 2 weeks announcers and broadcaster/journalists'
UNMAPPED TABLE: Cols=7 Header='classification break between shifts overtime - excess on-air hours midnight to dawn shift - monday to saturday night shift - monday to friday night shift - public holiday night work - monday to saturday permanent night shift - monday to friday announcers and broadcaster/journalists'
UNMAPPED TABLE: Cols=7 Header='classification permanent night shift - public holiday delayed meal break - monday to friday delayed meal break - saturday or sunday delayed meal break - public holiday working on call during a meal break - monday to friday working on call during a meal break - saturday or sunday working on call during a meal break - public holidays announcers and broadcaster/journalists'
UNMAPPED TABLE: Cols=1 Header='classification hourly pay rate saturday sunday public holiday overtime - first 2 hours overtime -'
UNMAPPED TABLE: Cols=7 Header='classification overtime - saturday - first 2 hours overtime - saturday - after 2 hours overtime - sunday overtime - public holidays overtime - work on rdo overtime - staff meeting on rdo overtime - working more than 10 days in 2 weeks announcers and broadcaster/journalists'
UNMAPPED TABLE: Cols=7 Header='classification break between shifts overtime - excess on-air hours midnight to dawn shift - monday to saturday night shift - monday to friday night shift - public holiday night work - monday to saturday permanent night shift - monday to friday announcers and broadcaster/journalists'
UNMAPPED TABLE: Cols=7 Header='classification permanent night shift - public holiday delayed meal break - monday to friday delayed meal break - saturday or sunday delayed meal break - public holiday working on call during a meal break - monday to friday working on call during a meal break - saturday or sunday working on call during a meal break - public holidays announcers and broadcaster/journalists'
UNMAPPED TABLE: Cols=1 Header='classification overtime - feature films, tv programs and other content (not including other tv) - monday to'
UNMAPPED TABLE: Cols=1 Header='classification postponed call (weather conditions) - advertising - even numbered postponed calls postponed call (weather conditions) - advertising - odd numbered postponed calls (not including the first) postponed call - not advertising -'
UNMAPPED TABLE: Cols=7 Header='classification postponed call (weather conditions) - not advertising - attended workplace postponed call (weather conditions) - not advertising - attended workplace - no notice or 20kms from gpo postponed call (weather conditions) - not advertising - not required to attend workplace working through a meal break - monday to friday working through a meal break - saturday working through a meal break - sunday working through a meal break - public holidays stand-in/double - not in a serial drama or serial comedy'
UNMAPPED TABLE: Cols=1 Header='classification overtime -'
UNMAPPED TABLE: Cols=1 Header='classification hourly pay rate saturday sunday public holiday overtime - first 2 hours overtime - after 2 hours overtime - monday to'
UNMAPPED TABLE: Cols=7 Header='classification overtime - monday to friday - after 2 hours overtime - saturday - first 2 hours overtime - saturday - after 2 hours overtime - sunday overtime - public holidays overtime - staff meeting on rdo overtime - working more than 10 days in 2 weeks announcers and broadcaster/journalists'
UNMAPPED TABLE: Cols=7 Header='classification break between shifts overtime - excess on-air hours midnight to dawn shift - monday to saturday night shift - monday to friday night shift - public holiday night work - monday to saturday permanent night shift - monday to friday announcers and broadcaster/journalists'
UNMAPPED TABLE: Cols=7 Header='classification permanent night shift - public holiday delayed meal break - monday to friday delayed meal break - saturday or sunday delayed meal break - public holiday working on call during a meal break - monday to friday working on call during a meal break - saturday or sunday working on call during a meal break - public holidays announcers and broadcaster/journalists'
UNMAPPED TABLE: Cols=1 Header='classification hourly pay rate saturday sunday public holiday overtime - first 2 hours overtime - after 2 hours overtime - monday to'
UNMAPPED TABLE: Cols=7 Header='classification overtime - monday to friday - after 2 hours overtime - saturday - first 2 hours overtime - saturday - after 2 hours overtime - sunday overtime - public holidays overtime - staff meeting on rdo overtime - working more than 10 days in 2 weeks announcers and broadcaster/journalists'
UNMAPPED TABLE: Cols=7 Header='classification break between shifts overtime - excess on-air hours midnight to dawn shift - monday to saturday night shift - monday to friday night shift - public holiday night work - monday to saturday permanent night shift - monday to friday announcers and broadcaster/journalists'
UNMAPPED TABLE: Cols=7 Header='classification permanent night shift - public holiday delayed meal break - monday to friday delayed meal break - saturday or sunday delayed meal break - public holiday working on call during a meal break - monday to friday working on call during a meal break - saturday or sunday working on call during a meal break - public holidays announcers and broadcaster/journalists'
UNMAPPED TABLE: Cols=1 Header='classification hourly pay rate saturday sunday public holiday overtime - first 2 hours overtime - after 2 hours overtime - monday to'
UNMAPPED TABLE: Cols=7 Header='classification overtime - monday to friday - after 2 hours overtime - saturday - first 2 hours overtime - saturday - after 2 hours overtime - sunday overtime - public holidays overtime - staff meeting on rdo overtime - working more than 10 days in 2 weeks announcers and broadcaster/journalists'
UNMAPPED TABLE: Cols=7 Header='classification break between shifts overtime - excess on-air hours midnight to dawn shift - monday to saturday night shift - monday to friday night shift - public holiday night work - monday to saturday permanent night shift - monday to friday announcers and broadcaster/journalists'
UNMAPPED TABLE: Cols=7 Header='classification permanent night shift - public holiday delayed meal break - monday to friday delayed meal break - saturday or sunday delayed meal break - public holiday working on call during a meal break - monday to friday working on call during a meal break - saturday or sunday working on call during a meal break - public holidays announcers and broadcaster/journalists'
UNMAPPED TABLE: Cols=1 Header='classification hourly pay rate saturday sunday public holiday overtime - first 2 hours overtime - after 2 hours overtime - monday to'
UNMAPPED TABLE: Cols=7 Header='classification overtime - monday to friday - after 2 hours overtime - saturday - first 2 hours overtime - saturday - after 2 hours overtime - sunday overtime - public holidays overtime - staff meeting on rdo overtime - working more than 10 days in 2 weeks announcers and broadcaster/journalists'
UNMAPPED TABLE: Cols=7 Header='classification break between shifts overtime - excess on-air hours midnight to dawn shift - monday to saturday night shift - monday to friday night shift - public holiday night work - monday to saturday permanent night shift - monday to friday announcers and broadcaster/journalists'
UNMAPPED TABLE: Cols=7 Header='classification permanent night shift - public holiday delayed meal break - monday to friday delayed meal break - saturday or sunday delayed meal break - public holiday working on call during a meal break - monday to friday working on call during a meal break - saturday or sunday working on call during a meal break - public holidays announcers and broadcaster/journalists'
UNMAPPED TABLE: Cols=1 Header='classification hourly pay rate saturday sunday public holiday overtime - first 2 hours overtime - after 2 hours overtime - monday to'
UNMAPPED TABLE: Cols=7 Header='classification overtime - monday to friday - after 2 hours overtime - saturday - first 2 hours overtime - saturday - after 2 hours overtime - sunday overtime - public holidays overtime - staff meeting on rdo overtime - working more than 10 days in 2 weeks announcers and broadcaster/journalists'
UNMAPPED TABLE: Cols=7 Header='classification break between shifts overtime - excess on-air hours midnight to dawn shift - monday to saturday night shift - monday to friday night shift - public holiday night work - monday to saturday permanent night shift - monday to friday announcers and broadcaster/journalists'
UNMAPPED TABLE: Cols=7 Header='classification permanent night shift - public holiday delayed meal break - monday to friday delayed meal break - saturday or sunday delayed meal break - public holiday working on call during a meal break - monday to friday working on call during a meal break - saturday or sunday working on call during a meal break - public holidays announcers and broadcaster/journalists'
UNMAPPED TABLE: Cols=6 Header='classification overtime - feature films, tv programs and other content (not including other tv) - monday to saturday - after 3 hours overtime - feature films, tv programs and other content (not including other tv) - saturday - first 3 hours after ordinary hours overtime - feature films, tv programs and other content (not including other tv) - saturday - after 3 hours after ordinary hours overtime - tv other than tv programs - monday to saturday - first 2 hours overtime - tv other than tv programs - monday to saturday - after 2 hours working on single day off bit player - content other than feature films and advertising films'
UNMAPPED TABLE: Cols=1 Header='classification postponed call (weather conditions) - advertising - even numbered postponed calls postponed call (weather conditions) - advertising - odd numbered postponed calls (not including the first) postponed call - not advertising -'
UNMAPPED TABLE: Cols=7 Header='classification postponed call (weather conditions) - not advertising - attended workplace postponed call (weather conditions) - not advertising - attended workplace - no notice or 20kms from gpo postponed call (weather conditions) - not advertising - not required to attend workplace working through a meal break - monday to friday working through a meal break - saturday working through a meal break - sunday working through a meal break - public holidays bit player - content other than feature films and advertising films'
UNMAPPED TABLE: Cols=6 Header='classification overtime - feature films, tv programs and other content (not including other tv) - monday to saturday - after 3 hours overtime - feature films, tv programs and other content (not including other tv) - saturday - first 3 hours after ordinary hours overtime - feature films, tv programs and other content (not including other tv) - saturday - after 3 hours after ordinary hours overtime - tv other than tv programs - monday to saturday - first 2 hours overtime - tv other than tv programs - monday to saturday - after 2 hours working on single day off'
UNMAPPED TABLE: Cols=1 Header='classification postponed call (weather conditions) - advertising - even numbered postponed calls postponed call (weather conditions) - advertising - odd numbered postponed calls (not including the first) postponed call - not advertising -'
UNMAPPED TABLE: Cols=7 Header='classification postponed call (weather conditions) - not advertising - attended workplace postponed call (weather conditions) - not advertising - attended workplace - no notice or 20kms from gpo postponed call (weather conditions) - not advertising - not required to attend workplace working through a meal break - monday to friday working through a meal break - saturday working through a meal break - sunday working through a meal break - public holidays'
UNMAPPED TABLE: Cols=7 Header='classification weekly pay rate hourly pay rate overtime - first 2 hours overtime - after 2 hours overtime - rdo overtime (distant engagement) - first 8 hours overtime (distant engagement) - after 8 hours'
